{
  "project_info": {
    "project_number": "551717839246",
    "firebase_url": "https://tiksiweather-1e71d-default-rtdb.europe-west1.firebasedatabase.app",
    "project_id": "tiksiweather-1e71d",
    "storage_bucket": "tiksiweather-1e71d.appspot.com"
  },
  "client": [
    {
      "client_info": {
        "mobilesdk_app_id": "1:551717839246:android:fdcb558cef292bda9884df",
        "android_client_info": {
          "package_name": "com.ArtemOslopov.tiksi_weather"
        }
      },
      "oauth_client": [
        {
          "client_id": "551717839246-rsiir38anttt9ufc7cdnt5bmc91kjnn8.apps.googleusercontent.com",
          "client_type": 3
        }
      ],
      "api_key": [
        {
          "current_key": "AIzaSyDPSb9DWd68v0tDro-_zD5ykyLHSs1wlCg"
        }
      ],
      "services": {
        "appinvite_service": {
          "other_platform_oauth_client": [
            {
              "client_id": "551717839246-rsiir38anttt9ufc7cdnt5bmc91kjnn8.apps.googleusercontent.com",
              "client_type": 3
            }
          ]
        }
      },
      "admob_app_id": "ca-app-pub-9786536863361967~8120311481"
    }
  ],
  "configuration_version": "1"
}